city,club,state,url
Birmingham,Alabama Mineral & Lapidary Society,Alabama,http://www.lapidaryclub.com/
Dothan,Dothan Gem & Mineral Club,Alabama,http://www.wiregrassrockhounds.com/
Huntsville,Huntsville Gem and Mineral Society,Alabama,http://huntsvillegms.org/
Mobile,Mobile Rock & Gem Society,Alabama,http://www.mobilerockandgem.com/
Montgomery,Montgomery Gem & Mineral Society,Alabama,http://montgomerygemandmineralsociety.com/mgms/
Anchorage,Chugach Gem & Mineral Society,Alaska,http://www.chugachgemandmineralsociety.com/
Palmer,Mat-Su Rock and Mineral Club,Alaska,http://matsurockclub.com/
Apache Junction,Apache Junction Rock and Gem Club,Arizona,http://www.ajrockclub.com/
Black Canyon City,Black Canyon City Rock Club,Arizona,http://www.bccrockclub.mysite.com/
Anthem,Daisy Mountain Rock & Mineral Club,Arizona,http://www.dmrmc.com/
Miami,Gila County Gem & Mineral Society,Arizona,http://gilagem.org/
Sierra Vista,Huachuca Mineral and Gem Club,Arizona,http://www.huachucamineralandgemclub.info/
Lake Havasu City,Lake Havasu Gem & Mineral Society,Arizona,http://www.lakehavasugms.org/
Scottsdale,Mineralogical Society of Arizona,Arizona,http://www.msaaz.org/
Cottonwood,Mingus Gem & Mineral Club,Arizona,http://www.mingusclub.org/
Kingman,Mohave County Gemstoners,Arizona,http://www.gemstoners.org/
Tucson,Old Pueblo Lapidary Club,Arizona,http://www.lapidaryclub.org/
Prescott Valley,Prescott Gem & Mineral Club,Arizona,http://www.prescottgemmineral.org/
Quartzsite,Quartzsite Roadrunners Gem & Mineral Club,Arizona,http://www.qrgmc.org/
Phoenix,Rockhounds West,Arizona,http://rockhounds.scwclubs.com/
Sedona,Sedona Gem & Mineral Club,Arizona,http://www.sedonagemandmineral.org/
Bullhead City,Silvery Colorado River Rock Club,Arizona,http://scrrc.blogspot.com/
Pearce,Sunsites Gem and Mineral Club,Arizona,https://sites.google.com/site/cochisecountyrock/
Tucson,Tucson Gem and Mineral Society,Arizona,http://www.tgms.org/
Cottonwood,Verde River Rockhounds,Arizona,http://www.verderiverrockhounds.com/
Buckeye,West Valley Rock & Mineral Club,Arizona,http://www.westvalleyrockandmineralclub.com/
Show Low,White Mountain Gem & Mineral Club,Arizona,http://whitemountain-azrockclub.org/
Wickenburg,Wickenburg Gem and Mineral Society,Arizona,http://www.wickenburggms.org/
Little Rock,"Central Arkansas Gem, Mineral and Geology Society",Arkansas,http://www.centralarrockhound.org/
Siloam Springs,Northwest Arkansas Gem & Mineral Society,Arkansas,http://www.nwarockhounds.org/
Mountain Home,"Ozark Earth Science Gem, Mineral & Fossil Club",Arkansas,https://www.ozarkearthscience.com/
Sutter Creek,Amador County Gem & Mineral Society,California,http://www.amadorgemandmineral.org/
Anaheim,American Opal Society,California,http://www.opalsociety.org/
Lancaster,Antelope Valley Gem and Mineral Club,California,http://avgem.weebly.com/
Antioch,Antioch Lapidary Club,California,http://www.antiochlapidaryclub.com/
Borrego Springs,Borrego Rock and Gem Club,California,http://www.abdnha.org/bragclub.html
Angels Camp,Calaveras Gem & Mineral Society,California,http://www.calaverasgemandmineral.org/
Pacific Grove,Carmel Valley Gem and Mineral Society,California,http://www.cvgms.rocks/
San Luis Obispo,Central Coast Treasure Hunters Association,California,http://www.cctha.org/
Coalinga,Coalinga Rockhound Society,California,https://sites.google.com/site/coalingarockhounds/
Thousand Oaks,Conejo Gem & Mineral Club,California,http://www.cgamc.org/
Concord,Contra Costa Mineral & Gem Society,California,http://www.ccmgs.org/
Culver City,The Culver City Rock and Mineral Club,California,http://culvercityrocks.org/
Northridge,Del Air Rockhounds Club,California,http://delairrockhounds.blogspot.com/
Bellflower,Delvers Gem & Mineral Society,California,https://delversgemclub.wordpress.com/
El Cajon,El Cajon Valley Gem & Mineral Society,California,http://www.ecvgms.org/
Placerville,El Dorado County Mineral and Gem Society,California,http://www.eldoradomineralandgem.org/
Buena Park,Faceters Guild of Southern California,California,http://www.fgosc.com/
Fallbrook,"Fallbrook Gem and Mineral Society, Inc.",California,http://www.fgms.org/FGMS/Home.html
Oroville,Feather River Lapidary & Mineral Society,California,http://www.featherriverrocks.org/
Yucca Valley,First Class Miners,California,http://www.firstclassminers.org/
North Highlands,"Fossils for Fun Society, Inc.",California,https://www.facebook.com/The-Fossils-for-Fun-Society-994879667246272/
Fresno,Fresno Gem & Mineral Society,California,http://fgms.us/
Placerville,Gold Country Treasure Seekers,California,https://goldcountrytreasureseekers.shutterfly.com/
Yucca Valley,Hi-Desert Rockhounds of Morongo Valley,California,http://www.hi-desertrockhounds.org/
Ridgecrest,Indian Wells Valley Gem & Mineral Society,California,http://indianwells.weebly.com/
Bakersfield,Kern County Mineral Society,California,http://kerncountymineralsociety.org/
Lemoore,Lemoore Gem and Mineral Club,California,https://www.facebook.com/Lemoore-Gem-and-Mineral-Club-706220872829687/
Livermore,Livermore Valley Lithophiles,California,http://www.lithophiles.com/
Lone Pine,Line Pine Gem & Mieral Society,California,http://lpgms.org/
Mariposa,Mariposa Gem & Mineral Club,California,http://mariposagmc.org/
Hayward,Mineral & Gem Society of Castro Valley,California,http://www.mgscv.org/
Pasadena,Mineralogical Society of Southern California,California,http://www.mineralsocal.org/
Barstow,Mojave Desert Gem & Mineral Society,California,http://www.mdgms.net/
Monrovia,Monrovia Rock Hounds Inc.,California,http://www.moroks.com/
Modesto,Mother Lode Mineral Society,California,http://www.motherlodemineralsociety.com/
Mohave Valley,Needles Gem & Mineral Club,California,http://needlesgemmineralclub.blogspot.com/
Grass Valley,Nevada County Gem & Mineral Society,California,http://www.ncgms.org/
Orinda,Northern California Geological Society,California,http://www.ncgeolsoc.org/
La Habra,North Orange County Gem & Mineral Society,California,http://www.nocgms.com/
San Bernardino,Orange Belt Mineralogical Society,California,http://obmsrocks.yolasite.com/
Santa Maria,Orcutt Mineral Society,California,http://www.omsinc.org/
Oxnard,Oxnard Gem & Mineral Society,California,http://oxnardgem.com/home/
Palmdale,Palmdale Gem & Mineral Club,California,https://www.facebook.com/palmdalegemandmineralclub/
Escondido,Palomar Gem & Mineral Club,California,http://palomargem.org/
Rolling Hills Estates,Palos Verdes Gem & Mineral Society,California,http://www.palos-verdes-gem-and-mineral-society.org/
Paradise,Paradise Gem & Mineral Club,California,http://www.paradisegem.org/
Pasadena,Pasadena Lapidary Society,California,http://www.pasadenalapidarysociety.org/
Los Altos,"Peninsula Gem & Geology Society, Inc.",California,http://pggs.org/
Roseville,Roseville Rock Rollers,California,http://www.rockrollers.com/
Brea,Route 66 Gold Miners Inc,California,http://www.route66goldminers.org/
Sacramento,Sacramento Mineral Society,California,http://www.sacramentomineralsociety.org/
North Highlands,Sacramento Valley Detecting Buffs,California,http://www.sacramentovalleydetectingbuffs.com/
Salinas,Salinas Valley Rock and Gem Club,California,https://salinasrockandgem.pagecloud.com/
San Diego,San Diego Gem and Mineral Society,California,http://www.sdmg.org/
San Diego,San Diego Lapidary Society,California,http://sandiegolapidarysociety.org/
San Francisco,"San Francisco Gem and Mineral Society, Inc.",California,http://www.sfgms.org/
Bakersfield,San Joaquin Valley Lapidary Society,California,http://sjvls.blogspot.com/
San Luis Obispo,San Luis Obispo Gem & Mineral Club,California,http://www.slogem.org/
Santa Ana,"Santa Ana Rock & Mineral Club, Inc.",California,http://www.sarmclub.org/
San Jose,Santa Clara Valley Gem & Mineral Society,California,http://www.scvgms.org/
Santa Cruz,Santa Cruz Mineral and Gem Society,California,https://www.facebook.com/scmgs/
Paso Robles,Santa Lucia Rockhounds,California,http://www.slrockhounds.org/
Santa Rosa,"Santa Rosa Mineral And Gem Society, Inc.",California,http://www.srmgs.org/
Anaheim,Searchers Gem and Mineral Society,California,https://www.searchersrocks.org/
Trona,"Searles Lake Gem and Mineral Society, Inc.",California,http://www1.iwvisp.com/tronagemclub/
Redwood City,Sequoia Gem and Mineral Society,California,http://www.sequoiagemandmineralsociety.org/
Palm Springs,Shadow Mountain Gem & Mineral Society,California,http://www.shadowmountaingemmineral.org/
Redding,Shasta Gem & Mineral Society,California,http://www.shastagemandmineral.com/
Newhall,Sierra Pelona Rock Club,California,http://www.sierrapelona.com/
Torrance,South Bay Lapidary & Mineral Society,California,https://southbaylapidaryandmineralsociety.com/
San Clemente,South Orange County Gem & Mineral Society,California,https://www.facebook.com/South-Orange-County-Gem-Mineral-Society-255366124502612/
Los Angeles,Southern California Paleontological Society,California,http://socalpaleo.com/
Stockton,Stockton Lapidary & Mineral Club,California,http://www.stocktonlapidary.com/
Marysville,Sutter Buttes Gem & Mineral Society,California,https://sutterbuttesgemmin.org/
Tehachapi,Tehachapi Valley Gem & Mineral Society,California,http://www.tvgms.org/
Farmersville,Tule Gem and Mineral Society,California,http://www.tulegem.com/
Vallejo,Vallejo Gem & Mineral Society,California,http://www.vjgems.org/
San Bernardino,"Valley Prospectors, Inc.",California,https://www.valleyprospectors.com/
Ventura,"Ventura Gem & Mineral Society, Inc",California,http://vgms.org/
Victorville,Victor Valley Gem and Mineral Club,California,http://www.vvgmc.org/
Vista,Vista Gem & Mineral Society,California,http://www.vistarocks.org/
Garden Grove,West Coast Prospectors & Treasure Hunters Association,California,http://westcoasters.org/
Norco,West End Prospectors Corporation,California,http://www.wepcgold.com
Whittier,"Whittier Gem and Mineral Society, Inc.",California,http://wgmsca.com/index.html
San Fernando Valley,"Woodland Hills Rock Chippers, Inc.",California,http://www.rockchippers.org/
Yucaipa,Yucaipa Valley Gem & Mineral Society,California,http://www.yvgms.org/wiki/
Canon City,Canon City Geology Club,Colorado,http://www.canoncitygeologyclub.com/
Frisco,Colorado Gold Camp,Colorado,http://coloradogoldcamp.com/
Lakewood,Colorado Mineral Society,Colorado,http://www.coloradomineralsociety.org/
Alamosa,Colorado Prospector,Colorado,http://www.coloradoprospector.com/
Colorado Springs,Colorado Springs Mineral Society,Colorado,http://www.csms1936.com/
Salida,Columbine Gem and Mineral Society,Colorado,http://rockaholics.org/
Denver,Denver Gem and Mineral Guild,Colorado,http://denvergem.org/index.html
Boulder,Flatirons Mineral Club,Colorado,http://flatironsmineralclub.org/
Fort Collins,Fort Collins Rockhounds,Colorado,http://www.fortcollinsrockhounds.org/
Durango,Four Corners Gem & Mineral Club,Colorado,http://www.durangorocks.org/
Denver,Friends of Mineralogy - Colorado Chapter ,Colorado,http://friendsofmineralogycolorado.org/
Grand Junction,Grand Junction Gem & Mineral Club,Colorado,http://www.grandjunctionrockclub.org/
Lake George,Lake George Gem & Mineral club,Colorado,http://www.lggmclub.org/
Littleton,"Littleton Gem and Mineral Club, Inc.",Colorado,http://littletongemandmineralclub.com/
Arvada,Mile High Rock and Mineral Society,Colorado,http://www.milehirams.com/
Arvada,North Jeffco Gem & Mineral Club,Colorado,http://www.peaktopeak.com/njeffco/index.php
Pueblo,Pueblo Rockhounds,Colorado,http://www.pueblorockhounds.org/
Denver,Western Interior Paleontological Society,Colorado,http://www.westernpaleo.org/
Bristol,Bristol Gem & Mineral Club,Connecticut,http://bristolgem.org/
Danbury,Danbury Mineralogical Society,Connecticut,http://danburymineralogicalsociety.weebly.com/
Meriden,Lapidary and Mineral Society of Central Connecticut,Connecticut,http://www.lmscc.org/
New Haven,New Haven Mineral Club,Connecticut,http://www.newhavenmineralclub.org/
Stamford,Stamford Mineralogical Society,Connecticut,http://www.stamfordmineralsociety.org/
Wilmington,"Delaware Mineralogical Society, Inc.",Delaware,http://www.delminsociety.net/
Melbourne,Canaveral Mineral & Gem Society,Florida,http://www.canaveral-mgs.com/
Merritt Island,Central Brevard Rock and Gem Club,Florida,http://www.centralbrevardgems.org/
Winter Park,Central Florida Mineral and Gem Society,Florida,http://www.cfmgs.org/
Orlando,Florida Fossil Hunters,Florida,http://floridafossilhunters.com/
Hollywood,Florida Gold Coast Gem & Mineral Society,Florida,http://fgcgms.com/main/
Ft. Myers,Fossil Club of Lee County,Florida,http://www.fcolc.com/
Gainesville,Gainesville Gem & Mineral Society,Florida,http://gainesvillegms.weebly.com/
West Palm Beach,Gem and Mineral Society of the Palm Beaches,Florida,http://www.gemandmineralsociety.org/
Lakeland,"Imperial Bone Valley Gem, Mineral, & Fossil Society",Florida,http://www.bonevalley.net/
Jacksonville,"Jacksonville Gem and Mineral Society, Inc.",Florida,http://www.jaxgemandmineral.org/
Miami,"Miami Mineralogical and Lapidary Guild, Inc.",Florida,http://www.mmlg-inc.org/
Ft. Walton Beach,Playground Gem and Mineral Society,Florida,http://playgroundgem.org/
Punta Gorda,Southwest Florida Fossil Society,Florida,http://www.southwestfloridafossilsociety.org/
Port St Lucie,St Lucie County Rock and Gem Club,Florida,http://www.slcrockandgem.org/
St Petersburg,Suncoast Gem and Mineral Society,Florida,http://sgams.com/
Palm Harbor,Tampa Bay Fossil Club,Florida,http://www.tampabayfossilclub.com/
Tampa,"Tampa Bay Mineral & Science Club, Inc.",Florida,http://www.tampabayrockclub.com/
The Villages,The Villages Gem and Mineral Society,Florida,http://www.thevillagesgemandmineralsociety.com/
Palm Coast,Tomoka Faceters Guild,Florida,http://www.tomokafacetersguild.org/index.html
Spring Hill,Withlacoochee Rockhounds,Florida,http://www.withlacoocheerockhounds.com/
Athens,Athens Rock and Gem Club,Georgia,http://www.athensrockandgemclub.org/
Augusta,Augusta Gem & Mineral Society,Georgia,http://agams.club/
Marietta,Cobb County Gem and Mineral Society,Georgia,https://www.ccgms.org/
Norcross,"Georgia Mineral Society, Inc.",Georgia,http://www.gamineral.org/
Macon,Mid-Georgia Gem and Mineral Society,Georgia,http://midgagmsorg.ipage.com/
Rome,Rome Georgia Mineral Society Inc.,Georgia,https://rogams.wordpress.com/
Honolulu,"Hui Pohaku 'O Hawai'i Rock & Mineral Society of Hawai'i, Inc.",Hawaii,http://pohakugalore.net/Hui_pohaku/Hiu_pohaku_1.html
Lewiston,"Hells Canyon Gem Club, Inc.",Idaho,http://www.hellscanyongemclub.com/
Idaho Falls,Idaho Falls Gem & Mineral Society,Idaho,http://ifgemmineral.weebly.com/
Boise,"Idaho Gem Club, Inc.",Idaho,http://www.idahogemclub.com/
Twin Falls,Magic Valley Gem Club,Idaho,http://magicvalleygemclub.org/
Coeur d'Alene,North Idaho Mineral Club,Idaho,http://www.northidahomineralclub.com/
Caldwell,Owyhee Gem & Mineral Society,Idaho,http://www.owyheerocks.com/
Oldtown,Pend Oreille Rock and Gem Club,Idaho,https://pendoreillerockandgemclub.wordpress.com/
Boise,Southeast Idaho Gem and Mineral Society,Idaho,https://www.facebook.com/SEIGMS
Rock Island,Black Hawk Gem & Mineral Club,Illinois,http://www.blackhawkgemandmineralclub.com/
Decatur,Central Illinois Gem & Mineral Club,Illinois,http://rmkapta.wixsite.com/cigmc
Skokie,Chicago Rocks & Minerals Society,Illinois,http://www.chicagorocks.org/
Elgin,Elgin Rock Club,Illinois,http://elginrockclub.org/
Macomb,"Geodeland Earth Science Clubs, Inc.",Illinois,http://www.geodeland.com/
Springfield,Lincoln Orbit Earth Science Society,Illinois,http://www.loess.org/
Chicago,Midwest Historical Research Society,Illinois,http://www.mhrsusa.com/
Freeport,Northwest Illinois Rock Club,Illinois,http://nwilrockclubfrpt.blogspot.com/
Peoria,Peoria Academy of Science Geology Section,Illinois,http://www.pasgeology.com/
Benton,Southern Illinois Earth Science Club,Illinois,http://www.siesclub.org/
Macomb,West Central Illinois Rock & Mineral Club,Illinois,http://www.rockchatter.com/
Elmhurst,West Suburban Lapidary Club,Illinois,http://www.westsuburbanlapidaryclub.com/
Indianapolis,500 Earth Sciences Club,Indiana,http://www.500earthsciencesclub.org/
Nashville,Brown County Rock and Mineral Club,Indiana,http://browncountyrock.webs.com/
Crown Point,Calumet Gem & Mineral Society,Indiana,https://www.facebook.com/calumetrockclub
Evansville,Evansville Lapidary Society,Indiana,http://evansvillelapidarysociety.tumblr.com/
Richmond,"Eastern Indiana Gem & Geological Society, Inc.",Indiana,http://eiggs.weebly.com/
Bedford,"Lawrence County Rock Club, Inc",Indiana,http://www.lawrencecountyrockclub.org/
South Bend,"Michiana Gem & Mineral Society, Inc.",Indiana,http://www.michianagms.org/
Fort Wayne,Three Rivers Gem & Mineral Society,Indiana,http://3riversgem_mineral.tripod.com/
Cedar Rapids,Cedar Valley Rocks and Minerals Society,Iowa,http://www.cedarvalleyrockclub.org/
Des Moines,Des Moines Lapidary Society,Iowa,http://dmlapidary.org/
Mount Vernon,Geology Club @ Cornell College,Iowa,http://orgs.cornellcollege.edu/geo_club/
Ames,Iowa State University Geology Club,Iowa,https://www.facebook.com/ISUGEOCLUB/
Fort Dodge,River Valley Rockhounds,Iowa,http://amfed.org/mwf/states/Iowa/RiverValley.html
Fairfield,The Sac & Fox Lapidary Club,Iowa,http://members.iowatelecom.net/billrath/rock_club.html
Kansas City,Olathe Gem and Mineral Society,Kansas,http://olathegemclub.com/
Topeka,Topeka Gem & Mineral Society,Kansas,http://www.topekagms.org/
Wichita,Wichita Gem and Mineral Society,Kansas,http://www.wgmsks.org/
Wichita,Wichita Paleontological Society,Kansas,http://www.reocities.com/CapeCanaveral/Hangar/4265/home.html
Lexington,Blue Grass Gem & Mineral Club of Central Kentucky,Kentucky,http://bggamc.homestead.com/
Louisville,KYANA Geological Society,Kentucky,http://www.kyanageo.org/
Lexington,Kentucky Paleontological Society,Kentucky,http://www.uky.edu/OtherOrgs/KPS/
Shreveport,Ark-La-Tex Gem & Mineral Society,Louisiana,http://larockclub.com/
Baton Rouge,Baton Rouge Gem & Mineral Society,Louisiana,http://www.brgemandmineral.org/
Leesville,DeRidder Gem & Mineral Society,Louisiana,https://www.facebook.com/DeRidder-Gem-Mineral-Society-1123146734440993/
Winthrop,Kennebec Rocks and Minerals Club,Maine,http://kennebec-rocksandminerals.com/
Portland,Maine Mineralogical & Geological Society,Maine,http://mainemineralclub.org/
South Paris,Oxford County Mineral and Gem Association,Maine,http://ocmgassoc.blogspot.com/
Milford,Penobscot Mineral and Lapidary Club,Maine,http://penobscotminerallapidaryclub.com/index.html
Bowie,American Fossil Federation,Maryland,http://americanfossilfederation.org/Home.html
Baltimore,Baltimore Mineral Society,Maryland,http://www.baltimoremineralsociety.org/
Solomons,Calvert Marine Museum Fossil Club,Maryland,http://www.calvertmarinemuseum.com/209/Fossil-Club
Elkridge,Central Maryland Rock and Mineral Collectors Exchange,Maryland,https://www.meetup.com/rockhounds/
Baltimore,Chesapeake Gem & Mineral Society,Maryland,http://www.chesapeakegemandmineral.org/
Baltimore,"Gem Cutters Guild of Baltimore, Inc.",Maryland,http://www.gemcuttersguild.com/
Rockville,"Gem, Lapidary, and Mineral Society of Montgomery County, MD., Inc.",Maryland,http://www.glmsmc.com/
Bowie,Maryland Geological Society,Maryland,http://www.ecphora.net/mgs/
"Washington, DC",Micromineralogists of the National Capital Area,Maryland,http://dcmicrominerals.org/
Annapolis,Patuxent Lapidary Guild,Maryland,http://www.patuxentlapidary.org/
Clinton,Southern Maryland Rock and Mineral Club,Maryland,http://www.smrmc.org/
"Washington, DC",The Mineralogical Society of the District of Columbia,Maryland,http://www.mineralogicalsocietyofdc.org/
Boston,"Boston Mineral Club, Inc.",Massachusetts,http://www.bostonmineralclub.org/
Springfield,Connecticut Valley Mineral Club,Massachusetts,http://www.cvmineralclub.org/
Chemlsford,Micromounters of New England,Massachusetts,http://micromountersofnewengland.org/
Westford,Nashoba Valley Mineralogical Society,Massachusetts,http://www.americantowns.com/ma/westford/organization/nashoba_valley_mineralogical_society
South Hamilton,North Shore Rock & Mineral Club of Massachusetts,Massachusetts,http://www.northshorerock.org/
North Adams,Northern Berkshire Mineral Club,Massachusetts,http://nbmclub.webs.com/
Bridgewater,Southeastern Massachusetts Mineral Club,Massachusetts,http://semmc.com/
Worcester,Worcester Mineral Club,Massachusetts,http://worcestermineralclub.org/
Big Rapids,"Big Rapids Rock, Gem & Mineral Club",Michigan,https://sites.google.com/site/bigrapidsrockgemmineralclub/
Lansing,Central Michigan Lapidary and Mineral Society,Michigan,http://michrocks.org/
Dollar Bay,Copper Country Rock and Mineral Club,Michigan,http://www.ccrmc.info/
Flint,Flint Rock and Gem Club,Michigan,http://www.flintrockandgem.org/
Traverse City,Grand Traverse Area Rock and Mineral Club,Michigan,http://tcrockhounds.com/
Wyoming,Indian Mounds Rock & Mineral Club,Michigan,http://www.indianmoundsrockclub.com/
Ishpeming,Ishpeming Rock and Mineral Club,Michigan,http://www.ishpemingrocks.org/
Kalamazoo,Kalamazoo Geological & Mineral Society,Michigan,http://kalamazoorockclub.org/
Howell,Livingston Gem & Mineral Society,Michigan,http://www.livingstongemandmineralsociety.com/
Michigan Center,Michigan Gem & Mineral Society,Michigan,http://mgmsrockclub.com/
Bloomfield Hills,Michigan Mineralogical Society,Michigan,https://www.michmin.org/
Midland,Mid-Michigan Rock Club,Michigan,http://www.midmichrockclub.com/?Page=1
Grand Rapids,Midwest Faceters' Guild,Michigan,http://www.midwestfaceters.org/
Taylor,Midwest Mineralological & Lapidary Society,Michigan,http://www.mmls.us/
Roscommon,Mikenauk Rock and Gem Club,Michigan,http://mikenaukclub.weebly.com/
Mt. Clemens,Mount Clemens Gem & Lapidary Society,Michigan,http://mcgls.org/
Waterford,Oakland County Earth Science Club,Michigan,http://www.ocesc.com/
Livonia,Roamin Club,Michigan,https://roaminrockclub.weebly.com/
Morenci,StateLine Gem & Mineral Society,Michigan,http://statelinegms.com/
Holland,"Tulip City Gem & Mineral Club, Inc.",Michigan,http://www.tulipcity.org/
Minneapolis,Anoka County Gem & Mineral Club,Minnesota,http://www.amfed.org/mwf/states/Minnesota/AnokaGem.html
Brainerd,"Cuyuna Rock, Gem and Mineral Society",Minnesota,http://cuyunarockclub.org/wp/
Falcon Heights,Minnesota Mineral Club,Minnesota,http://minnesotamineralclub.org/
Mankato,Minnesota Valley Gem & Mineral Club,Minnesota,http://www.mnvalleygemandmineralclub.com/
Stillwater,St Croix Rockhounds,Minnesota,http://stcroixrockhounds.org/
Gulfport,"Harrison County Gem & Mineral Society, Inc.",Mississippi,http://www.gulfportgems.org/
Jackson,Mississippi Gem & Mineral Society,Mississippi,http://missgems.org/
Jackson,Mississippi Geological Society,Mississippi,http://www.missgeo.com/
Ocean Springs,Mississippi Gulf Coast Gem and Mineral Society,Mississippi,http://www.mgcgms.org/
Tupelo,North Mississippi Gem and Mineral Society,Mississippi,http://www.nmgms.org/
Columbia,Central Missouri Rock and Lapidary Club,Missouri,http://www.cmrlc.org/
Independence,Independence Gem & Mineral Society,Missouri,http://www.igams.co/
St. Joseph,Missouri Valley Gem & Mineral Society,Missouri,http://www.movalleyrockclub.com/
Lincoln,"Mozarkite Society of Lincoln, Inc.",Missouri,http://www.mozarkite.com/
Springfield,Ozark Mountain Gem & Mineral Society,Missouri,https://www.facebook.com/omgms.57
St. Louis,Rock Hobby Club of Greater Saint Louis,Missouri,xxxxxhttp://rockhobby.stlearthsci.org/Home.aspxxxxxx
St. Louis,Rockwood Gem & Mineral Society,Missouri,http://rockwood.stlearthsci.org/
St. Louis,St. Louis Mineral & Gem Society,Missouri,http://www.stlrockclub.com/
St. Peters,"Show Me Gems & Minerals Club, Inc.",Missouri,http://showme.stlearthsci.org/
Kansas City,Show-Me Rockhounds Kansas City,Missouri,https://showmerockhounds.com/
Billings,"Billings Gem & Mineral Club, Inc.",Montana,http://www.billingsgemclub.com/
Corvallis,Bitterroot Gem & Mineral Society,Montana,http://www.ravalligemandmineralclub.org/
Bozeman,Bozeman Gem and Mineral Club,Montana,http://bozemangemandmineralclub.com/
Missoula,Hellgate Mineral Society,Montana,https://www.facebook.com/HellgateMineralSociety/
Kalispell,Kalispell Rockhound Club,Montana,http://www.kalispellrockhounds.org/
Lincoln,"Lincoln Gem & Mineral Club, Inc.",Nebraska,https://www.lincolngemmineralclub.org/
Reno,Comstock Gold Prospectors,Nevada,http://cgpgold.org/
Carson City,Great Basin Gem & Mineral Club,Nevada,http://greatbasingemandmineralclub.rocks/
Carson City,High Desert Rockers,Nevada,https://highdesertrockers.wordpress.com/
Pahrump,Nye Gold Seekers,Nevada,http://nyegoldseekers.webs.com/
Reno,Reno Gem and Mineral Society,Nevada,http://www.renorockhounds.com/
Las Vegas,Southern Nevada Gem and Mineral Society,Nevada,http://www.snvgms.org/
Concord,Capital Mineral Club,New,http://www.capitalmineralclub.org/
Keene,Keene Mineral Club,New,https://sites.google.com/site/keenemineralclub/home
Conway,Saco Valley Gem and Mineral Club,New,http://www.sacovalleygemandmineralclub.org/
Dover,Southeastern New Hampshire Mineral Club,New,https://www.senhmc.org/
Cologne,Cape Atlantic Rockhounds Inc.,New,http://www.capeatlanticrockhounds.com/
Woodbury,Delaware Valley Earth Science Society,New,http://www.dvess.org/
Marlboro Township,Friends of Mineralogy - New Jersey Chapter,New,https://fomnj.wordpress.com/
Morristown,Morris Museum Mineralogical Society,New,http://morrismuseum.org/mineral-society/
Mountainside,"New Jersey Mineralogical Society, Inc",New,http://www.njmin.org/
Paterson,"North Jersey Mineralogical Society, Inc.",New,http://www.nojms.webs.com/
Albuquerque,Albuquerque Gem & Mineral Club,New,http://www.agmc.info/
Carlsbad,Carlsbad Gem and Mineral Society,New,http://www.carlsbadgms.org/
Deming,Deming Gem & Mineral Society,New,http://www.thedgms.com/
Silver City,"Grant County Rolling Stones Gem & Mineral Society, Inc.",New,http://rollingstonesgms.blogspot.com/
Los Alamos,Los Alamos Geological Society,New,http://pweb.netcom.com/~hoffmans/LAGS.html
Buffalo,"Buffalo Geological Society, Inc.",New,http://www.bgsny.org/
Albany,Capital District Mineral Club,New,http://capitaldistrictmineralclub.com/
Syracuse,"Gem and Mineral Society of Syracuse, Inc.",New,http://www.gmss.us/
Bellmore,Island Rockhounds Inc.,New,http://www.islandrockhounds.org/
Jamesport,Long Island Mineral & Geology Society,New,http://www.limineralandgeology.com/LiMags/Home.html
Poughkeepsie,Mid-Hudson Valley Gem and Mineral Society Inc.,New,http://mhvgms.org/index.html
Glen Cove,Nassau Mineral Club,New,http://nassaumineralclub.org/
NYC,New York Mineralogical Club,New,http://www.newyorkmineralogicalclub.org/
NYC,New York Paleontological Society,New,http://www.nyps.org/index.htm
Middletown,Orange County Mineral Society,New,http://www.orangecountymineralsocietynewyork.com/
Rochester,Rochester Academy of Science,New,http://www.rasny.org/
Rochester,Rochester Lapiday Society,New,http://www.rochesterlapidary.org/
Canton,St. Lawrence County Rock & Mineral Club,New,http://stlawrencecountymineralclub.org/
Bay Shore,Suffolk Gem & Mineral Club,New,http://www.suffolkgem.com/
Newark,Wayne County Gem and Mineral Club,New,http://www.wcgmc.org/
Fayetteville,Cape Fear Mineral & Gem Society,North,http://www.mercergarden.com/GemClub.html
Hickory,Catawba Valley Gem & Mineral Club,North,http://www.cvgmc.com/
Chapel Hill,Central North Carolina Mineral Club,North,http://www.centralncmineralclub.org/
Charlotte,Charlotte Gem & Mineral Club,North,http://www.charlottegem.com/
Winston-Salem,Forsyth Gem and Mineral Club,North,http://www.forsythgemclub.com/fgmcmain.html
Gastonia,"Gaston Gem, Mineral and Faceters Club",North,http://gastongemclub.weebly.com/
Franklin,Gem & Mineral Society of Franklin,North,http://www.fgmm.org/
Greensboro,Greensboro Gem & Mineral Club,North,http://www.ggmc-rockhounds.com/
Hendersonville,Henderson County Gem and Mineral Society,North,http://hcgms.com/index.html
Asheville,Mountain Area Gem and Mineral Association (MAGMA),North,http://www.wncrocks.com/magma/magma.html
Raleigh,North Carolina Fossil Club,North,http://www.ncfossilclub.org/
Asheville,Southern Appalachian Mineral Society,North,http://www.main.nc.us/sams/
Raleigh,Tar Heel Gem & Mineral Club,North,http://www.tarheelclub.org/
Bismarck,Central Dakota Gem & Mineral Society,North,https://ndrockclub.org/
Troy,Brukner Gem and Mineral Club,Ohio,http://www.bruknergemandmineralclub.com/
Cincinnati,Cincinnati Mineral Society,Ohio,http://mineralsociety.org/
Columbus,Columbus Rock and Mineral Society,Ohio,http://www.columbusrockandmineralsociety.org/
Kettering,Dayton Gem & Mineral Society,Ohio,https://www.facebook.com/The-Dayton-Gem-Mineral-Society-140478502678195/
Cincinnati,Dry Dredgers,Ohio,http://drydredgers.org/
Loveland,Greater Cincinati Lapidary and Faceting Society,Ohio,http://cincinnatilapidary.weebly.com/
Cleveland,North Coast Fossil Club,Ohio,http://ncfclub.org/
Worthington,Ohio Geological Society,Ohio,https://ohiogeosoc.org/
Cleveland,Parma Lapidary Club,Ohio,http://www.parmalapidary.com/
Mansfield,Richland Lithic & Lapidary Society,Ohio,http://rlls.webs.com/
Cuyahoga Falls,Summit Lapidary Club,Ohio,http://lapidaryclubofohio.org/
Toledo,Toledo Gem & Rockhound Club,Ohio,http://rockyreader.com/
Ada,"Ada Gem, Mineral and Fossil Club",Oklahoma,http://www.freewebs.com/agmfc/
Enid,Enid Gem & Mineral Society,Oklahoma,http://www.enidgemandmineral.org/
Oklahoma City,Oklahoma Mineral and Gem Society,Oklahoma,http://omgs-minerals.org/
Shawnee,Shawnee Gem and Mineral Society,Oklahoma,https://www.facebook.com/Shawnee-Gem-and-Mineral-Society-524175917629452/
Tulsa,Tulsa Rock and Mineral Society,Oklahoma,http://www.ttownrockhound.org/
Tahlequah,Tahlequah Rock and Mineral Society,Oklahoma,http://tramsok.webs.com/
Redmond,Central Oregon Rock Collectors,Oregon,https://corockcollectors.com/
Oregon City,Clackamette Mineral and Gem Club,Oregon,http://www.clackamettegem.org/
Portland/West Linn,Columbia-Willamette Faceters' Guild,Oregon,http://facetersguild.com/
North Bend,FarWest Lapidary & Gem Society,Oregon,http://www.farwestlapidary.org/
Hermiston,Hatrockhounds Gem and Mineral Society,Oregon,http://jall23.wixsite.com/hatrockhounds
Portland,Millennium Diggers Club,Oregon,http://www.millenniumdiggers.com/
Gresham,Mt Hood Rock Club,Oregon,https://mthoodrockclub.wordpress.com/
Hillsboro,North American Research Group,Oregon,http://narg-online.com/
Portland,"Oregon Agate & Mineral Society, Inc.",Oregon,http://www.oregonagate.org/
Newport,Oregon Coast Agate Club,Oregon,http://www.coastagates.org/
Prineville,Prineville Rockhound Pow-Wow Assoc.,Oregon,http://prineville.rocks/
Klamath Falls,Rock and Arrowhead Club of Klamath Falls,Oregon,http://www.klamathrockclub.org/
Springfield,Springfield Thunderegg Rock Club,Oregon,http://thundereggrockclub.blogspot.com/
Forest Grove,Tualatin Valley Gem Club,Oregon,https://tvrgc.org/
Salem,"Willamette Agate and Mineral Society, Inc.",Oregon,http://www.wamsi.net/
Harrisburg,"Central Pennsylvania Rock and Mineral Club, Inc.",Pennsylvania,http://www.rockandmineral.org/
Sayre,"Che-Hanna Rock and Mineral Club, Inc.",Pennsylvania,http://www.chehannarocks.com/
Philadelphia,Delaware Valley Paleontological Society,Pennsylvania,https://sites.google.com/site/dvpspaleo/
St. Peters,Friends of Mineralogy - Pennsylvania Chapter,Pennsylvania,http://www.rasloto.com/FM/
Erie,Gem City Rock and Mineral Society,Pennsylvania,http://www.gemcityrockclub.org/
Fairless Hills,Leidy Microscopical Society,Pennsylvania,http://leidymicroscopical.com/
Hanover,"Mason-Dixon Rock, Mineral, Gemological, & Lapidary Club",Pennsylvania,http://topgemz.com/
Moosic,Mineralogical Society of Northeastern Pennsylvania,Pennsylvania,http://msnepa.org/
Pittsburgh,Monongahela Rockhounds,Pennsylvania,http://www.monongahelarockhounds.org/
Stroudsburg,Monroe County Earth Science Association,Pennsylvania,http://www.mdsysconsulting.com/MCESA/
Mars,Moraine Rockbusters,Pennsylvania,http://www.morainerockbusters.org/
State College,Nittany Mineralogical Society,Pennsylvania,http://www.nittanymineral.org/
Whitehall,Pennsylvania Earth Sciences Association,Pennsylvania,http://www.mineralfest.com/
Philadelphia,Philadelphia Mineralogical Society,Pennsylvania,http://www.phillyrocks.org/
Pittsburgh,Pittsburgh Geological Society,Pennsylvania,http://www.pittsburghgeologicalsociety.org/index.html
Brookhaven,Tuscarora Lapidary Society,Pennsylvania,http://www.lapidary.org/
Warwick,"Rhode Island Mineral Hunters, Inc.",Rhode,http://rimh.us/
Aiken,Aiken Gem and Mineral Society,South,http://www.aikengmfs.org/
Columbia,Columbia Gem & Mineral Society,South,http://www.cgams.org/
North Charleston,Lowcountry Gem and Mineral Society,South,http://lowcountrygemandmineralsociety.org/
Central,Pendleton District Gem and Mineral Society,South,http://www.woodsmere.com/pdgms/
Greenville,Western South Carolina Gem and Mineral Society,South,http://www.wescagem.org/
Sioux Falls,Sioux Empire Gem and Mineral Society,South,http://www.segams.org/
Rapid City,Western Dakota Gem & Mineral Society,South,http://www.wdgms.org/
Knoxville,Knoxville Gem & Mineral Society,Tennessee,http://www.knoxrocks.org/
Memphis,Memphis Archaeological & Geological Society,Tennessee,http://www.memphisgeology.org/
Nashville,Middle Tennessee Rockhounds,Tennessee,http://www.rockhound.org/
"Murfreesboro, Donelson, Tullahoma",Mid-Tennessee Gem and Mineral Society,Tennessee,http://www.mtgms.org/
Arlington,Arlington Gem and Mineral Club,Texas,http://www.agemclub.org/
Austin,Austin Gem and Mineral Society,Texas,http://www.austingemandmineral.org/index.html
Abilene,Central Texas Gem & Mineral Society,Texas,http://rockclub.txol.net/
Alpine,Chihuahuan Desert Gem and Mineral Club,Texas,http://www.cdgmc.org/
Houston,Clear Lake Gem and Mineral Society,Texas,http://www.clgms.org/
Fort Worth,"Cowtown Gem, Mineral & Glass Society",Texas,http://cera-fw.org/gem-mineral-glass/
Dallas,Dallas Gem and Mineral Society,Texas,http://www.dallasgemandmineral.org/
Dallas,Dallas Paleontological Society,Texas,https://dps.wildapricot.org/
Tyler,East Texas Gem and Mineral Society,Texas,http://www.etgms.com/
El Paso,"El Paso Mineral and Gem Society, Inc.",Texas,http://www.epmgs.com/
Fort Worth,Fort Worth Gem and Mineral Club,Texas,http://www.fortworthgemandmineralclub.org/
Fredericksburg,Fredericksburg Rockhounds,Texas,http://fredericksburgrockhounds.org/
San Antonio,Geological Society of San Antonio,Texas,http://www.geosa.org/
Amarillo,"Golden Spread Gem, Mineral and Treasure Society",Texas,http://www.amarillotreasure.com/
Corpus Christi,Gulf Coast Gem & Mineral Society,Texas,http://www.gcgms.org/
Houston,Houston Gem and Mineral Society,Texas,http://www.hgms.org/
Lubbock,Lubbock Gem and Mineral Society,Texas,http://www.lubbockgemandmineral.org/
Midland,"Midland Gem and Mineral Society, Inc.",Texas,https://www.facebook.com/midlandgemandmineral/
Dallas,Oak Cliff Gem and Mineral Society,Texas,http://www.ocgemandmineral.com/
Austin,Paleontological Society of Austin,Texas,http://www.austinpaleo.org/
Jasper,Pine Country Gem & Mineral Society,Texas,http://www.pinecountry-gms.org/
Huntsville,Piney Woods Gem & Mineral Society,Texas,http://www.pwgms.org/
Dallas,Pleasant Oaks Gem & Mineral Club,Texas,http://www.pogmc.org/
Rollin' Rock Club Of Texas And Any Other State Or Country Of The World and Outer Space,"Rollin' Rock Club, Inc.",Texas,https://sites.google.com/site/rollinrockclub/
San Antonio,South Texas Geological Society,Texas,http://www.stgs.org/
San Antonio,Southwest Gem and Mineral Society,Texas,http://www.swgemandmineral.org/
Houston,Texas Faceters Guild,Texas,http://texasfacetersguild.org/
Temple,"Tri-City Gem and Mineral Society, Inc.",Texas,https://www.facebook.com/midlandgemandmineral/
Waco,Waco Gem and Mineral Club,Texas,http://www.wacogemandmineral.org/
Georgetown,Williamson County Gem and Mineral Society,Texas,http://www.wcgms.org/
Decatur,"Wise County Fossil, Rock and Mineral Society",Texas,http://wisecofossilrockandmineralsoc.weebly.com/
Ogden,Beehive Rock and Gem Club,Utah,http://www.beehiverockandgem.com/
Smithfield,Cache Rock and Gem Club,Utah,http://cacherockgemclub.weebly.com/
Ogden,Golden Spike Gem & Mineral Society,Utah,http://goldenspikegem.org/
Salt Lake City,Mineral Collectors of Utah,Utah,http://m-c-u.org/
Moab,Moab Rock Club,Utah,https://www.facebook.com/Moab-Rock-Club-1508131859497762/
Sandy,Rockhounders Outreach for Community Knowledge,Utah,http://www.rockhoundersock.com/
Provo,Timpanogos Gem & Mineral Society,Utah,http://timprocks.weebly.com/
Tooele,Tooele Gem & Mineral Society,Utah,https://www.facebook.com/Tooele-Gem-Mineral-Society-1742342656045404/
Salt Lake City,Wasatch Gem Society,Utah,http://www.wasatchgemsociety.com/
Burlington,Burlington Gem and Mineral Club,Vermont,http://www.burlingtongemandmineralclub.org/
Rutland,Rutland Rock & Mineral Club,Vermont,http://www.rutlandrockmineralclub.50webs.com/
Manassas,"Gem and Mineral Hunters, Inc.",Virginia,http://www.gmhonline.org/
Lynchburg,Gem and Mineral Society of Lynchburg,Virginia,http://www.lynchburgrockclub.org/
Hampton,Gem and Mineral Society of the Virginia Peninsula,Virginia,http://www.gmsvp.org/
Arlington,"Northern Virginia Mineral Club, Inc.",Virginia,http://www.novamineralclub.org/
Richmond,Richmond Gem & Mineral Society,Virginia,http://www.rgms-va.info/
Roanoke,Roanoke Valley Mineral & Gem Society,Virginia,https://www.facebook.com/RVMGS/
Waynesboro,Shenandoah Valley Gem & Mineral Society,Virginia,http://www.shenandoahvalleyrockclub.org/
Virginia Beach,Tidewater Gem & Mineral Society,Virginia,http://tgms.weebly.com/
Bellevue,"Bellevue Rock Club, Inc.",Washington,http://www.bellevuerockclub.org/
Kent,Cascade Mineralogical Society Inc,Washington,http://www.cascademineralogicalsociety.org/
Port Angeles,Clallam County Gem & Mineral Association,Washington,http://www.olympicrocks.com/
Darrington,Darrington Rock & Gem Club,Washington,https://www.facebook.com/DarringtonRGC/
Kirkland,East KingCo Rock Club,Washington,http://www.eastkingco.org/
Everett,Everett Rock & Gem Club,Washington,http://www.everettrockclub.com/
Wenatchee,Ginkgo Mineral Society,Washington,http://wenatcheerockclub.org/
Bremerton,Kitsap Mineral and Gem Societ,Washington,http://www.kmgs.org/
Kennewick,"Lakeside Gem & Mineral Club, Inc.",Washington,http://www.lakesidegemandmineralclub.com/
Edmonds,Maplewood Rock & Gem Community Club,Washington,http://www.maplewoodrockclub.com/
Walla Walla,Marcus Whitman Gem and Mineral Society,Washington,https://www.sites.google.com/site/mwgemandmineral/
Marysville,"Marysville Rock & Gem Club, Inc.",Washington,https://sites.google.com/site/marysvillerockngemclub/
Bellingham,Mount Baker Rock And Gem Club,Washington,http://mtbakerrockclub.org/
Kent,North American Miners Association,Washington,http://www.namaminers.org/
Mount Vernon,North Puget Sound Facetors Guild,Washington,http://www.facetguild.com/
Puget Sound,Northwest Paleontological Association,Washington,http://nwpaleo.org/
Arden,Panorama Gem & Mineral Club,Washington,http://panoramagem.com/
Puyallup,Puyallup Valley Gem & Mineral Club,Washington,https://www.facebook.com/PuyallupValleyGemClub
Mt. Vernon,Skagit Rock and Gem Club,Washington,https://www.skagitrockandgem.com/
Spokane Valley,Spokane Rock Rollers Club,Washington,http://www.rockrollers.org/WP/
Seattle,North Seattle Lapidary & Mineral Club,Washington,http://www.northseattlerockclub.org
Olympia,Washington Agate and Mineral Society,Washington,https://wamsolympia.wordpress.com
Seattle,West Seattle Rock Club,Washington,http://www.westseattlerockclub.org/
Yakima,Yakima Rock & Mineral Club,Washington,http://www.yakimarockclub.com/
Charleston,Kanawha Rock and Gem Club,West,http://www.kanawharockandgemclub.org/
Morgantown,Prehistoric West Virginia,West,http://prehistoricplanet.com/wv/
Clarksburg,West Virginia Fossil Club Inc,West,http://www.westvirginiafossilclub.com/
Monroe,"Badger Lapidary & Geological Society, Inc.",Wisconsin,http://www.badgerrockclub.org/
La Crosse,Coulee Rock Club of La Crosse,Wisconsin,https://www.facebook.com/pages/The-Coulee-Rock-Club/182345351787782
Marshfield & Stevens Point,Heart of Wisconsin Gem & Mineral Society,Wisconsin,https://www.heartofwisconsinrocks.com/
Pewaukee,Kettle Moraine Geological Society,Wisconsin,http://www.kmgsrocks.com/
Minocqua,Lakeland Gem Club,Wisconsin,http://www.lakelandgemclub.com/
Madison,Madison Gem and Mineral Club,Wisconsin,http://www.madisonrockclub.org/
Cameron,Northwest Wisconsin Gem & Mineral Society,Wisconsin,http://www.cameronamericanlegion.org/rockclub.html
Oshkosh,Oshkosh Earth Science Club,Wisconsin,https://sites.google.com/site/oshkoshearthscienceclub/home
Racine,"Racine Geological Society, Inc",Wisconsin,http://rgs-wi.tripod.com/
Menasha,Weis'n'Miners Geology Club,Wisconsin,http://www.weismuseum.org/geology-club.html
West Allis,Wisconsin Geological Society,Wisconsin,http://www.wisgeologicalsociety.com/
Cody,Cody 59ers Rock Club,Wyoming,http://www.cody59ers.com/
Riverton,Riverton Mineral and Gem Society,Wyoming,http://www.rivertonmgs.com/
Cody,Wyoming State Mineral and Gem Society,Wyoming,http://wymineralandgemsociety.org
